<?xml version="1.0"?>
<doc>
    <assembly>
        <name>h2p</name>
    </assembly>
    <members>
        <member name="T:H2P.IRawLineReader">
            <summary>
            Funktion: Interface for readers providing string-lists.
            </summary>
            <remarks>
            03.06.2022 "Erik Nagel": created.
            </remarks>
        </member>
        <member name="M:H2P.IRawLineReader.ReadAllLines">
            <summary>
            Reads all lines of a given line-container into a string-list.
            </summary>
            <returns>A string-list from a given line-container.</returns>
        </member>
        <member name="T:H2P.TextFileReader">
            <summary>
            Funktion: Reads a textfile into a string-list.
            </summary>
            <remarks>
            03.06.2022 "Erik Nagel": created.
            </remarks>
        </member>
        <member name="P:H2P.TextFileReader.FileName">
            <summary>Path to the Textfile to be read into a string-list.</summary>
        </member>
        <member name="M:H2P.TextFileReader.ReadAllLines">
            <summary>
            Reads all lines of a textfile into a string-list.
            </summary>
            <returns>A string-list containing all lines of the given textfile.</returns>
        </member>
        <member name="M:H2P.TextFileReader.#ctor(System.String)">
            <summary>
            Constructor - accepts the path to the Textfile to be read into a string-list..
            </summary>
            <param name="fileName">Path to the Textfile to be read into a string-list.</param>
        </member>
    </members>
</doc>
